"task","start_time","pause_time","end_time","business_duration","duration"
"CS0705016","19/05/2021 12:48:59","29/06/2026 14:03:17","","74252469","152012469"
"CS0840684","09/12/2021 12:34:51","","27/02/2026 11:06:34","22068281","45781421"
"CS1293759","04/01/2024 15:36:03","","26/05/2026 12:30:34","16893312","71148844"
"CS1182649","12/07/2023 16:08:00","","06/08/2025 15:48:37","10236228","42895578"
"CS1298860","12/01/2024 14:24:20","","07/05/2026 09:40:35","8539852","36118675"
"CS1234819","28/09/2023 13:39:17","16/08/2024 12:14:04","","7261609","14602009"
"CS1187622","20/07/2023 15:42:32","03/07/2024 15:26:37","","6638491","27894175"
"CS1288455","21/12/2023 09:52:39","30/09/2024 10:26:09","","5811256","24472554"
"CS1254002","30/10/2023 10:52:14","30/09/2024 10:27:03","","5755508","24183908"
"CS1367461","07/05/2024 14:18:46","02/04/2025 15:46:11","","5564662","23337720"
"CS1573243","23/04/2025 14:53:04","","19/01/2026 07:46:44","5458686","22972686"
"CS1268358","20/11/2023 12:07:13","02/08/2024 13:40:33","","5171441","21526241"
"CS1606321","26/06/2025 12:13:27","","09/01/2026 00:11:26","5060426","10077756"
"CS1395312","28/06/2024 10:05:04","23/07/2025 11:53:24","","4116077","17234590"
"CS1625249","30/07/2025 07:58:09","","22/12/2025 02:21:26","4070147","8135079"
"CS1591050","28/05/2025 12:56:17","11/11/2025 15:32:06","","2791329","5642529"
"CS1543710","28/02/2025 10:17:50","","08/08/2025 14:35:26","2590111","10362511"
"CS1205389","18/08/2023 14:42:41","05/12/2023 15:26:22","","2158069","9244535"
"CS1674972","22/10/2025 12:33:52","16/12/2025 15:34:16","","2131429","4208629"
"CS1584433","15/05/2025 11:53:28","","13/11/2025 12:30:54","1981273","7856473"
"CS1600444","16/06/2025 11:31:32","","18/12/2025 03:31:27","1920680","7975117"
"CS1549001","10/03/2025 16:27:20","","04/09/2025 08:30:08","1852544","7326430"
"CS1498520","03/12/2024 17:12:36","17/02/2025 13:40:54","","1454648","2837048"
"CS1775341","29/04/2026 11:42:45","","15/07/2026 10:56:17","1414688","5965088"
"CS1550883","13/03/2025 10:50:24","","12/08/2025 02:01:26","1411850","6192841"
"CS1717065","14/01/2026 10:43:44","","01/04/2026 00:41:26","1402790","2785190"
"CS1786732","22/05/2026 09:58:46","","21/07/2026 02:51:26","1341499","2767099"
"CS1721015","21/01/2026 10:14:34","","14/04/2026 13:57:28","1296912","5210112"
"CS1750463","13/03/2026 12:32:56","","01/05/2026 10:51:58","1252986","2674986"
"CS1594555","04/06/2025 10:56:05","","08/08/2025 00:51:26","1153110","2276310"
"CS1657410","26/09/2025 14:33:20","","01/01/2026 02:45:26","1111843","4859622"
"CS1683601","06/11/2025 10:07:26","","05/01/2026 07:08:24","1111160","2234360"
"CS1747422","09/03/2026 10:07:38","","15/05/2026 11:13:27","1095420","2175420"
"CS1652191","18/09/2025 10:37:49","","18/02/2026 03:55:27","993081","4222040"
"CS1647822","10/09/2025 14:50:57","","12/11/2025 10:21:02","967748","4136974"
"CS1671291","16/10/2025 11:09:27","","19/12/2025 02:45:27","956390","1820390"
"CS1680689","31/10/2025 14:06:02","","05/12/2025 15:23:26","908656","1815856"
"CS1626456","31/07/2025 14:24:49","","30/09/2025 10:43:26","866074","1773815"
"CS1697910","02/12/2025 12:58:08","","03/02/2026 15:41:28","850317","1714317"
"CS1744873","03/03/2026 14:02:04","","22/04/2026 17:07:28","839640","1700040"
"CS1630480","08/08/2025 11:51:51","","04/11/2025 11:53:29","803298","3160180"
"CS1626006","31/07/2025 09:11:39","","09/09/2025 14:13:27","782123","1603111"
"CS1792623","03/06/2026 14:02:04","","09/07/2026 14:26:45","725072","1459472"
"CS1654184","22/09/2025 15:48:28","","06/11/2025 01:41:26","724866","1459266"
"CS1786243","21/05/2026 11:27:43","08/07/2026 09:51:50","","706807","2838007"
"CS1624266","28/07/2025 13:56:54","","15/09/2025 12:55:33","684761","2704054"
"CS1748800","11/03/2026 09:00:28","","24/04/2026 11:35:26","681486","1500434"
"CS1669046","13/10/2025 14:01:44","","11/12/2025 11:02:12","643570","2493765"
"CS1650926","16/09/2025 14:11:36","","28/10/2025 05:55:26","616547","1221347"
"CS1635100","18/08/2025 12:21:24","","30/09/2025 15:03:26","614467","2515267"
"CS1635414","18/08/2025 16:48:16","","07/10/2025 13:27:27","594001","2494801"
"CS1772624","23/04/2026 11:59:37","","11/06/2026 11:13:43","591263","2435519"
"CS1649249","12/09/2025 13:00:13","","11/11/2025 04:15:27","580066","2331466"
"CS1592523","30/05/2025 15:59:26","","12/08/2025 16:42:09","577826","2420282"
"CS1766802","14/04/2026 08:02:25","","15/05/2026 10:31:27","543527","1061927"
"CS1626113","31/07/2025 10:15:05","","26/08/2025 13:15:26","525898","1044298"
"CS1687713","13/11/2025 09:14:06","","23/12/2025 03:51:26","522760","1041160"
"CS1649239","12/09/2025 12:50:50","","17/10/2025 11:20:02","521698","2249698"
"CS1727788","02/02/2026 15:45:01","","30/03/2026 11:51:21","511836","1607574"
"CS1625343","30/07/2025 09:34:42","","16/09/2025 15:49:26","503366","2116666"
"CS1683043","05/11/2025 12:15:53","","01/12/2025 09:25:58","500511","2000185"
"CS1775543","29/04/2026 14:26:20","","26/05/2026 15:13:26","485953","1047553"
"CS1598957","12/06/2025 11:02:33","","13/08/2025 15:41:28","481471","1921471"
"CS1662970","03/10/2025 13:46:16","","03/11/2025 15:38:45","477370","2151370"
"CS1779897","08/05/2026 12:17:55","","16/06/2026 02:41:26","473677","948877"
"CS1797962","15/06/2026 10:48:52","","02/07/2026 13:15:50","472581","904581"
"CS1664380","06/10/2025 16:13:27","","31/10/2025 10:30:57","457088","1958288"
"CS1642587","02/09/2025 10:09:48","","17/09/2025 10:49:12","455986","887986"
"CS1701651","09/12/2025 12:49:00","","03/03/2026 11:04:49","426818","1423209"
"CS1668516","13/10/2025 08:17:52","","05/11/2025 07:27:15","417001","1518805"
"CS1634286","15/08/2025 11:37:30","","09/09/2025 14:11:26","414705","889905"
"CS1666513","08/10/2025 16:52:20","","10/12/2025 04:45:26","414646","1686940"
"CS1683171","05/11/2025 14:00:32","","03/12/2025 08:25:24","413968","1744595"
"CS1675797","23/10/2025 12:32:49","","03/03/2026 13:43:27","411637","890437"
"CS1736983","17/02/2026 10:21:13","","01/04/2026 11:57:26","387943","1712743"
"CS1770217","20/04/2026 09:49:56","","25/05/2026 12:07:27","387702","1282768"
"CS1775409","29/04/2026 12:39:06","","01/06/2026 17:03:28","382623","1419631"
"CS1682503","04/11/2025 15:49:54","","10/12/2025 12:47:26","382223","771023"
"CS1208542","24/08/2023 10:43:22","","27/02/2026 11:06:34","381225","1648425"
"CS1607144","27/06/2025 14:56:41","","01/08/2025 13:43:26","378681","767481"
"CS1691479","20/11/2025 09:11:15","","30/12/2025 11:13:26","375877","1412677"
"CS1744142","02/03/2026 14:51:22","","21/04/2026 08:39:00","374130","1468538"
"CS1598689","12/06/2025 08:21:27","","21/08/2025 01:35:26","360486","1229760"
"CS1505562","16/12/2024 14:30:42","03/04/2025 09:19:19","","354541","1369741"
"CS1658305","29/09/2025 13:15:07","","03/12/2025 12:13:29","345642","1154138"
"CS1729202","04/02/2026 11:29:14","","17/02/2026 09:15:07","343085","688685"
"CS1743239","27/02/2026 13:33:41","","31/03/2026 12:49:27","342886","1552486"
"CS1645912","08/09/2025 12:06:51","","24/10/2025 12:12:36","341747","1378547"
"CS1743747","02/03/2026 10:27:28","","23/03/2026 09:23:53","325424","627824"
"CS1657322","26/09/2025 13:14:09","","21/10/2025 14:38:02","324038","1474986"
"CS1779403","07/05/2026 15:16:43","","03/06/2026 09:39:06","321991","1301191"
"CS1676740","24/10/2025 14:57:22","","02/12/2025 02:45:26","320693","623093"
"CS1744351","03/03/2026 08:37:14","","24/04/2026 02:21:26","318902","1188194"
"CS1684944","07/11/2025 15:03:24","","23/12/2025 01:31:26","317629","1297493"
"CS1653773","22/09/2025 11:13:29","","15/10/2025 12:01:26","313596","615996"
"CS1625600","30/07/2025 12:22:44","","22/07/2026 09:50:59","307924","1353937"
"CS1653560","22/09/2025 09:27:59","","05/12/2025 04:09:28","296956","1218556"
"CS1791632","02/06/2026 11:38:38","","16/06/2026 09:11:55","295550","597950"
"CS1635351","18/08/2025 15:43:54","","12/09/2025 14:59:26","293572","682372"
"CS1776914","01/05/2026 14:15:02","","12/06/2026 02:31:26","293067","1214667"
"CS1650930","16/09/2025 14:13:32","","21/10/2025 03:01:26","288599","590999"
"CS1701568","09/12/2025 11:54:22","","06/01/2026 11:49:27","287605","1209205"
"CS1654157","22/09/2025 15:25:52","","18/11/2025 00:15:26","282052","1185652"
"CS1632672","13/08/2025 10:49:38","","05/09/2025 12:38:51","271788","530988"
"CS1530910","06/02/2025 12:08:31","30/09/2025 16:41:36","","269752","1393130"
"CS1690248","18/11/2025 11:18:04","","15/12/2025 13:45:26","268010","1132010"
"CS1669779","14/10/2025 12:56:21","","12/11/2025 08:29:05","266576","1134176"
"CS1699444","04/12/2025 12:33:44","","02/01/2026 09:11:26","258425","893916"
"CS1743120","27/02/2026 11:56:19","","01/04/2026 12:03:03","258080","1122080"
"CS1668662","13/10/2025 09:59:21","","21/11/2025 03:55:26","257308","948508"
"CS1708830","24/12/2025 08:53:50","","16/01/2026 14:07:31","254012","1060782"
"CS1718837","16/01/2026 12:20:31","","26/02/2026 01:25:26","253812","1117812"
"CS1651275","17/09/2025 08:58:51","","08/10/2025 14:09:29","253108","469108"
"CS1658432","29/09/2025 14:45:49","","31/10/2025 07:47:46","244557","824667"
"CS1767719","15/04/2026 07:32:17","","04/05/2026 16:29:26","241108","458771"
"CS1617361","17/07/2025 10:15:05","","31/07/2025 14:52:42","231771","980571"
"CS1691956","20/11/2025 14:09:57","","05/01/2026 11:37:51","229058","689858"
"CS1789943","29/05/2026 09:49:23","","18/06/2026 17:27:26","225873","441873"
"CS1638069","22/08/2025 15:25:01","","15/09/2025 16:25:26","219714","522114"
"CS1655514","24/09/2025 11:18:26","","24/10/2025 13:39:26","219130","737633"
"CS1669856","14/10/2025 14:02:23","","25/11/2025 14:06:25","214637","909437"
"CS1610399","04/07/2025 09:05:44","","01/08/2025 10:21:28","213417","386217"
"CS1673332","20/10/2025 12:38:02","","26/11/2025 00:05:26","213393","792993"
"CS1729850","05/02/2026 10:15:10","","24/02/2026 09:19:04","212216","962202"
"CS1655403","24/09/2025 10:16:11","","24/10/2025 13:41:28","210282","956178"
"CS1693468","24/11/2025 14:31:45","","07/01/2026 15:09:26","205270","957498"
"CS1651982","17/09/2025 17:06:02","","06/10/2025 16:59:26","201662","374462"
"CS1770119","20/04/2026 08:47:13","","09/06/2026 03:15:26","198822","707189"
"CS1633578","14/08/2025 12:00:42","","19/09/2025 15:19:27","197414","715814"
"CS1672331","17/10/2025 14:18:52","","30/10/2025 16:09:26","196928","948894"
"CS1775902","30/04/2026 10:44:16","","11/05/2026 10:21:13","196694","945494"
"CS1627877","04/08/2025 15:28:50","","26/08/2025 09:09:27","196632","715032"
"CS1729748","05/02/2026 09:33:34","","23/02/2026 12:02:13","195420","368220"
"CS1626494","31/07/2025 14:50:19","","07/08/2025 13:38:42","193127","365927"
"CS1804949","29/06/2026 08:50:58","","13/07/2026 11:40:32","190326","481114"
"CS1775722","30/04/2026 07:46:52","","19/05/2026 12:29:27","188873","448861"
"CS1687610","12/11/2025 16:57:01","","01/12/2025 09:13:26","188097","404097"
"CS1691354","19/11/2025 16:20:18","","25/12/2025 10:01:28","186026","762026"
"CS1767196","14/04/2026 11:26:42","","05/05/2026 08:30:05","181804","358838"
"CS1712776","06/01/2026 15:39:44","","11/02/2026 12:42:44","178106","926906"
"CS1699448","04/12/2025 12:38:32","","12/12/2025 14:53:39","172601","691001"
"CS1744893","03/03/2026 14:19:57","","23/03/2026 08:55:08","170908","343708"
"CS1668512","13/10/2025 08:15:33","","24/10/2025 11:17:19","164097","515638"
"CS1650156","15/09/2025 14:25:52","","03/10/2025 15:33:28","160398","333198"
"CS1652757","19/09/2025 08:30:10","","29/09/2025 10:01:24","159894","289494"
"CS1669084","13/10/2025 14:20:53","","19/11/2025 14:03:26","157853","673716"
"CS1701736","09/12/2025 14:13:08","","30/12/2025 15:09:27","155811","285411"
"CS1668632","13/10/2025 09:43:23","","27/10/2025 12:32:15","153393","384958"
"CS1687265","12/11/2025 12:44:21","","03/12/2025 17:31:27","152483","614693"
"CS1743285","27/02/2026 14:17:11","","11/03/2026 13:45:31","149707","840907"
"CS1628227","05/08/2025 10:41:04","","04/09/2025 10:57:27","148721","434510"
"CS1649986","15/09/2025 12:29:04","","23/09/2025 12:03:48","148562","557787"
"CS1686623","11/11/2025 15:18:36","","19/11/2025 12:01:46","147542","320342"
"CS1723630","26/01/2026 14:02:16","","13/02/2026 14:51:28","146368","276519"
"CS1710924","02/01/2026 09:48:38","","05/02/2026 16:51:27","144783","550369"
"CS1686680","11/11/2025 15:57:04","","03/12/2025 16:07:26","143997","604797"
"CS1695294","27/11/2025 09:55:26","","15/12/2025 12:10:03","143935","547135"
"CS1625980","31/07/2025 08:40:38","","27/08/2025 14:01:26","141246","186698"
"CS1618855","18/07/2025 16:59:56","","25/08/2025 01:21:26","139358","312158"
"CS1637795","22/08/2025 10:46:23","","05/09/2025 10:36:23","138358","354358"
"CS1696131","28/11/2025 11:00:24","","30/12/2025 13:35:28","135622","303022"
"CS1629631","07/08/2025 10:01:43","","27/08/2025 16:13:27","135022","538222"
"CS1807286","01/07/2026 13:50:13","","08/07/2026 15:45:32","132312","261912"
"CS1727616","02/02/2026 13:28:27","","12/03/2026 00:21:26","131420","304220"
"CS1706723","18/12/2025 11:47:35","","09/01/2026 10:18:51","130569","260169"
"CS1649186","12/09/2025 12:10:03","","15/09/2025 15:41:24","128541","258141"
"CS1804392","26/06/2026 10:50:17","","13/07/2026 10:27:26","128153","257753"
"CS1680999","03/11/2025 09:23:45","","01/12/2025 15:21:26","127470","300270"
"CS1693472","24/11/2025 14:36:40","","05/12/2025 09:38:29","126072","635419"
"CS1684227","07/11/2025 08:44:14","","14/11/2025 11:02:46","125601","532977"
"CS1786176","21/05/2026 10:29:23","","09/06/2026 13:57:26","125383","341383"
"CS1808690","03/07/2026 12:42:07","","06/07/2026 12:08:17","124216","253816"
"CS1811946","09/07/2026 18:47:18","","27/07/2026 12:16:47","124057","578419"
"CS1671191","16/10/2025 10:20:31","","10/11/2025 15:37:27","122546","406946"
"CS1672424","17/10/2025 14:55:24","","24/10/2025 12:11:15","122341","525541"
"CS1636143","19/08/2025 16:57:12","","22/09/2025 12:45:28","120240","345088"
"CS1763563","08/04/2026 10:21:05","","14/04/2026 13:13:59","118989","522189"
"CS1618831","18/07/2025 16:30:42","","04/08/2025 13:57:27","116806","246406"
"CS1739937","23/02/2026 10:27:27","","27/02/2026 09:57:18","112451","342851"
"CS1803228","25/06/2026 08:22:42","","13/07/2026 09:10:54","111807","198207"
"CS1787132","22/05/2026 16:53:19","","26/05/2026 15:23:00","110539","326539"
"CS1741360","25/02/2026 09:45:43","","06/03/2026 14:09:31","110277","398277"
"CS1625427","30/07/2025 10:30:28","","11/08/2025 10:52:13","108812","454412"
"CS1682710","05/11/2025 09:21:35","","27/11/2025 13:01:26","108270","281070"
"CS1727484","02/02/2026 11:58:57","","06/02/2026 17:06:46","104683","277832"
"CS1638245","25/08/2025 12:44:07","","29/08/2025 11:49:55","103871","334271"
"CS1715787","12/01/2026 14:17:08","","09/02/2026 12:47:06","103455","449820"
"CS1732496","10/02/2026 09:37:02","","27/02/2026 11:41:26","103389","189789"
"CS1688440","14/11/2025 08:56:42","","03/12/2025 13:53:27","102701","448499"
"CS1632045","12/08/2025 12:25:14","","19/08/2025 13:19:44","100712","446312"
"CS1658937","30/09/2025 10:11:31","","06/10/2025 17:12:53","100690","272120"
"CS1632072","12/08/2025 12:45:11","","09/09/2025 08:24:27","100410","163842"
"CS1734488","12/02/2026 13:29:52","","04/03/2026 09:21:26","100293","503493"
"CS1810219","07/07/2026 13:07:32","15/07/2026 14:10:35","","99704","272504"
"CS1736265","16/02/2026 11:18:27","","23/02/2026 13:22:23","97179","183579"
"CS1730111","05/02/2026 13:03:13","","25/02/2026 10:13:28","96033","441633"
"CS1793793","05/06/2026 10:59:16","","10/06/2026 14:38:48","94606","440206"
"CS1701369","09/12/2025 10:01:45","","25/12/2025 12:17:27","94313","180713"
"CS1738714","19/02/2026 14:17:37","","26/02/2026 11:03:11","94155","353355"
"CS1673122","20/10/2025 10:39:54","","23/10/2025 13:45:28","92051","178451"
"CS1674001","21/10/2025 11:12:46","","23/10/2025 13:45:06","91018","177418"
"CS1698201","02/12/2025 16:00:30","","18/12/2025 17:17:27","90971","177371"
"CS1633770","14/08/2025 14:34:00","","04/09/2025 14:09:26","90162","435762"
"CS1715232","10/01/2026 13:04:35","","15/01/2026 12:43:20","90041","420966"
"CS1630486","08/08/2025 11:53:47","","28/08/2025 12:15:33","89007","438138"
"CS1777698","05/05/2026 14:28:37","","26/05/2026 17:05:26","87927","260945"
"CS1660144","01/10/2025 09:39:07","","11/11/2025 08:05:26","87164","439620"
"CS1790814","01/06/2026 11:17:32","","15/06/2026 13:35:20","84088","375290"
"CS1727777","02/02/2026 15:37:44","","13/02/2026 14:18:27","84042","256842"
"CS1794194","05/06/2026 16:33:18","","11/06/2026 10:33:13","83718","429318"
"CS1794134","05/06/2026 15:39:59","","11/06/2026 10:36:09","83556","429156"
"CS1814446","15/07/2026 14:37:03","29/07/2026 08:22:38","","83122","169522"
"CS1684438","07/11/2025 10:35:08","","20/11/2025 15:33:08","83009","428609"
"CS1781743","12/05/2026 17:35:43","","19/05/2026 13:14:33","81072","477723"
"CS1649858","15/09/2025 11:18:33","","03/10/2025 09:03:27","81068","196268"
"CS1787355","26/05/2026 09:55:24","","15/06/2026 11:35:26","80978","167378"
"CS1645664","08/09/2025 09:57:29","","08/10/2025 02:41:26","80965","196165"
"CS1778993","07/05/2026 11:56:50","","12/05/2026 08:16:14","80751","123951"
"CS1667215","09/10/2025 13:37:15","","10/11/2025 11:21:22","79598","425198"
"CS1807531","01/07/2026 18:19:34","","20/07/2026 14:55:27","78896","419722"
"CS1663883","06/10/2025 11:43:38","","22/10/2025 17:07:26","76582","192178"
"CS1751856","17/03/2026 10:21:39","","25/03/2026 13:34:53","75164","190364"
"CS1731354","09/02/2026 08:29:23","","26/02/2026 10:11:26","75162","192199"
"CS1646719","09/09/2025 11:27:08","","30/09/2025 08:25:26","74524","189724"
"CS1626943","01/08/2025 12:13:21","","20/08/2025 15:17:26","74459","362459"
"CS1686934","12/11/2025 09:52:25","","24/11/2025 10:44:29","74367","117567"
"CS1653928","22/09/2025 12:46:41","","24/09/2025 11:09:51","74129","160529"
"CS1778141","06/05/2026 10:44:22","","04/06/2026 09:05:27","73926","189126"
"CS1670198","15/10/2025 08:54:28","","21/10/2025 10:31:46","73840","189372"
"CS1699144","04/12/2025 09:10:21","","09/12/2025 14:48:38","73323","361323"
"CS1660862","01/10/2025 13:54:11","","06/10/2025 17:14:08","72829","360829"
"CS1632229","12/08/2025 14:58:30","","05/09/2025 16:29:27","72788","245588"
"CS1619081","21/07/2025 09:37:29","","06/08/2025 13:51:27","71998","187198"
"CS1778677","07/05/2026 09:30:29","","10/06/2026 04:01:27","71983","115183"
"CS1696308","28/11/2025 13:03:55","","17/12/2025 10:09:28","71765","361392"
"CS1646102","08/09/2025 14:11:02","","24/09/2025 10:01:26","71371","157771"
"CS1681495","03/11/2025 14:18:41","","06/11/2025 17:11:37","70265","185820"
"CS1640105","28/08/2025 13:11:11","","03/09/2025 09:04:00","69704","357704"
"CS1605893","25/06/2025 16:24:02","","13/08/2025 14:17:28","68835","353235"
"CS1614913","14/07/2025 11:43:07","","01/08/2025 14:51:26","68255","183455"
"CS1687643","13/11/2025 06:06:03","","20/11/2025 11:43:38","68141","127882"
"CS1630293","08/08/2025 09:42:16","","09/09/2025 14:55:28","67183","362571"
"CS1812194","10/07/2026 11:04:53","","28/07/2026 10:32:51","67089","355089"
"CS1663654","06/10/2025 10:19:53","","28/10/2025 16:19:28","65388","108588"
"CS1802995","24/06/2026 13:49:29","","10/07/2026 15:43:26","65076","176676"
"CS1744138","02/03/2026 14:48:35","","05/03/2026 11:25:19","64865","180065"
"CS1693984","25/11/2025 11:23:17","","28/11/2025 12:22:56","64598","179798"
"CS1681361","03/11/2025 12:46:14","","19/11/2025 10:12:54","64325","179525"
"CS1638979","27/08/2025 08:31:36","","11/09/2025 14:21:26","64188","107388"
"CS1651493","17/09/2025 10:55:08","","03/10/2025 15:05:27","63827","107027"
"CS1796075","10/06/2026 12:22:28","19/06/2026 11:47:13","","63453","403653"
"CS1686776","11/11/2025 19:49:35","","26/11/2025 12:38:26","63408","220083"
"CS1637108","21/08/2025 10:03:55","","05/09/2025 15:41:27","63351","106551"
"CS1810327","07/07/2026 14:40:24","","23/07/2026 16:11:27","62997","178197"
"CS1625256","30/07/2025 08:10:10","","14/08/2025 13:35:26","62537","105737"
"CS1735426","13/02/2026 15:10:21","","18/03/2026 00:31:26","62250","179083"
"CS1777339","05/05/2026 10:31:50","","13/05/2026 09:37:47","61093","349093"
"CS1663387","06/10/2025 08:02:56","","21/10/2025 16:11:30","60897","104097"
"CS1632191","12/08/2025 14:30:30","","02/09/2025 11:01:28","60760","233560"
"CS1795481","09/06/2026 13:51:18","11/06/2026 14:29:34","","59896","175096"
"CS1757307","25/03/2026 07:50:23","","10/04/2026 09:21:26","59339","103116"
"CS1690495","18/11/2025 14:20:37","","21/11/2025 10:11:32","59260","174460"
"CS1721145","21/01/2026 11:19:20","","11/02/2026 16:59:30","58854","102054"
"CS1794202","05/06/2026 16:41:50","","11/06/2026 10:39:50","58690","348715"
"CS1686561","11/11/2025 14:39:05","","19/11/2025 11:34:25","58656","101856"
"CS1780079","08/05/2026 15:31:27","","13/05/2026 10:54:24","58641","290525"
"CS1804644","26/06/2026 14:11:00","","28/07/2026 01:11:26","58452","346452"
"CS1794203","05/06/2026 16:46:39","","11/06/2026 10:45:59","58401","348684"
"CS1771391","21/04/2026 12:50:33","","11/05/2026 14:03:32","58369","101569"
"CS1671242","16/10/2025 10:49:22","","17/10/2025 15:24:43","58085","101285"
"CS1690874","19/11/2025 10:14:13","","26/11/2025 12:39:47","57820","173020"
"CS1639141","27/08/2025 10:14:45","","12/09/2025 09:11:26","57614","100814"
"CS1802553","23/06/2026 16:59:50","","29/06/2026 08:26:33","57610","176670"
"CS1808325","02/07/2026 17:38:11","","20/07/2026 16:57:27","57424","343133"
"CS1645897","08/09/2025 12:00:25","","29/09/2025 11:37:50","56924","100124"
"CS1759265","27/03/2026 13:07:30","","14/04/2026 15:15:26","56794","341194"
"CS1699783","04/12/2025 22:12:33","","25/12/2025 09:39:26","56358","325605"
"CS1805158","29/06/2026 10:57:36","","15/07/2026 10:59:28","56357","171557"
"CS1722975","23/01/2026 15:56:06","","06/02/2026 12:33:01","56147","344147"
"CS1654708","23/09/2025 11:40:31","","15/10/2025 12:09:26","56145","116656"
"CS1711713","05/01/2026 11:38:17","","20/01/2026 15:05:26","55602","98802"
"CS1704324","15/12/2025 10:02:41","","17/12/2025 11:14:56","55497","170697"
"CS1745640","04/03/2026 14:32:20","","20/03/2026 13:55:27","55325","170525"
"CS1635313","18/08/2025 15:02:42","","04/09/2025 15:39:30","55123","166723"
"CS1680703","31/10/2025 14:25:00","","07/11/2025 16:00:51","54378","342378"
"CS1733528","11/02/2026 10:58:53","","12/03/2026 15:47:29","54199","169399"
"CS1746814","06/03/2026 10:23:04","","07/04/2026 00:31:27","53957","341957"
"CS1651984","17/09/2025 17:07:53","","22/09/2025 14:47:55","53944","168671"
"CS1634082","15/08/2025 09:28:36","","26/09/2025 16:05:27","53431","57177"
"CS1723601","26/01/2026 13:38:17","","11/02/2026 12:25:26","53199","168399"
"CS1743884","02/03/2026 11:45:46","","04/03/2026 09:44:21","53164","96364"
"CS1775698","29/04/2026 17:03:45","","27/05/2026 17:47:26","52708","112923"
"CS1672030","17/10/2025 10:16:26","","23/10/2025 10:42:14","52483","282883"
"CS1813041","13/07/2026 13:30:50","17/07/2026 15:52:54","","52416","167616"
"CS1635104","18/08/2025 12:26:06","","25/08/2025 10:45:29","52411","110011"
"CS1626460","31/07/2025 14:26:57","","12/08/2025 10:35:03","52406","340406"
"CS1645990","08/09/2025 12:53:26","","24/09/2025 10:51:28","52346","95546"
"CS1687129","12/11/2025 11:27:43","","13/11/2025 13:58:04","51983","95183"
"CS1666316","08/10/2025 14:33:36","","24/10/2025 12:59:26","51830","167030"
"CS1794488","08/06/2026 10:31:08","","24/06/2026 11:05:27","51830","107630"
"CS1756598","24/03/2026 09:12:34","","23/04/2026 11:51:26","51258","108858"
"CS1616353","16/07/2025 10:41:10","","31/07/2025 12:53:27","51113","94313"
"CS1780833","11/05/2026 15:45:02","","29/05/2026 08:39:26","50868","222406"
"CS1723651","26/01/2026 14:15:20","","11/02/2026 12:09:27","49944","165144"
"CS1655606","24/09/2025 12:10:11","","10/10/2025 09:53:26","49789","158496"
"CS1768975","16/04/2026 12:08:32","","15/05/2026 15:35:28","49538","337538"
"CS1698216","02/12/2025 16:10:15","","25/12/2025 10:15:27","49196","51527"
"CS1630868","09/08/2025 11:18:44","","02/09/2025 11:15:26","48969","92169"
"CS1803612","25/06/2026 11:23:42","","24/07/2026 06:01:26","48904","106504"
"CS1628580","05/08/2025 14:58:43","","29/08/2025 13:28:39","48771","163971"
"CS1689934","18/11/2025 06:52:10","","03/12/2025 09:31:27","48638","95908"
"CS1795552","09/06/2026 14:51:47","","15/07/2026 04:05:27","48572","91772"
"CS1811326","09/07/2026 09:46:13","","24/07/2026 11:13:27","48367","91567"
"CS1745691","04/03/2026 15:37:01","","24/03/2026 08:03:26","48271","156442"
"CS1667045","09/10/2025 11:48:50","","28/10/2025 12:45:26","47278","103078"
"CS1722603","23/01/2026 10:39:59","","20/02/2026 12:57:26","47265","277665"
"CS1799302","17/06/2026 09:11:53","","03/07/2026 09:16:46","47222","162422"
"CS1634971","18/08/2025 11:01:28","","04/09/2025 12:32:34","47187","90387"
"CS1639986","28/08/2025 11:32:41","","15/09/2025 15:51:29","46751","104351"
"CS1682637","05/11/2025 08:19:30","","26/11/2025 13:01:28","46147","104523"
"CS1662863","03/10/2025 12:21:21","","20/10/2025 17:25:26","45519","277340"
"CS1774527","28/04/2026 10:46:53","","19/05/2026 14:41:27","45181","416684"
"CS1721353","21/01/2026 13:25:09","","06/02/2026 14:45:26","45145","102745"
"CS1814077","15/07/2026 09:43:11","","16/07/2026 10:53:01","44829","88029"
"CS1797384","12/06/2026 12:03:12","","29/06/2026 16:31:28","44781","275181"
"CS1613658","10/07/2025 12:08:27","","08/08/2025 09:23:27","44774","102374"
"CS1675929","23/10/2025 13:48:35","","12/11/2025 16:31:27","44345","334787"
"CS1650129","15/09/2025 14:06:48","","15/10/2025 02:55:26","43848","159048"
"CS1815139","16/07/2026 11:38:31","20/07/2026 15:42:52","","43827","101427"
"CS1774480","28/04/2026 10:20:24","","30/04/2026 11:32:32","43458","101058"
"CS1740547","24/02/2026 09:01:32","","27/02/2026 09:47:16","43221","43519"
"CS1803132","24/06/2026 16:03:07","","03/07/2026 09:07:46","43178","158378"
"CS1677216","27/10/2025 08:55:33","","29/10/2025 11:28:00","42921","100788"
"CS1670369","15/10/2025 10:33:09","","30/10/2025 14:27:28","42828","100428"
"CS1703197","11/12/2025 12:06:44","","19/12/2025 13:33:24","42703","100303"
"CS1812931","13/07/2026 11:44:35","","15/07/2026 15:41:58","42260","99860"
"CS1761716","01/04/2026 15:07:44","","21/04/2026 15:01:26","42189","102284"
"CS1629389","06/08/2025 15:51:37","","22/08/2025 11:29:27","41805","102793"
"CS1798138","15/06/2026 12:40:15","","03/07/2026 15:11:26","41594","99194"
"CS1671396","16/10/2025 12:11:34","","31/10/2025 15:15:26","41537","97337"
"CS1630982","11/08/2025 09:29:21","","27/08/2025 15:05:26","41120","98720"
"CS1671416","16/10/2025 12:25:16","","31/10/2025 15:23:30","40813","96613"
"CS1713176","07/01/2026 10:53:59","","12/01/2026 09:49:32","40497","83697"
"CS1670706","15/10/2025 14:17:47","","16/10/2025 15:19:35","40219","83419"
"CS1707674","22/12/2025 08:43:12","","23/12/2025 12:34:22","39943","98551"
"CS1635171","18/08/2025 13:12:11","","19/08/2025 13:23:26","39702","82902"
"CS1756982","24/03/2026 13:04:59","","08/04/2026 08:38:52","39584","82784"
"CS1763034","07/04/2026 12:17:00","","22/04/2026 10:35:08","39579","97179"
"CS1686145","11/11/2025 10:20:02","","12/11/2025 14:20:44","39449","97049"
"CS1713008","07/01/2026 09:17:30","","08/01/2026 12:21:00","39233","44637"
"CS1659169","30/09/2025 11:47:56","","01/10/2025 15:47:28","39110","96710"
"CS1634711","18/08/2025 08:18:08","","02/09/2025 12:25:27","39095","39095"
"CS1742839","27/02/2026 08:18:18","","16/03/2026 16:41:28","38991","38991"
"CS1787187","24/05/2026 11:57:36","","12/06/2026 10:35:26","38426","171770"
"CS1638739","26/08/2025 14:18:49","","11/09/2025 14:03:28","38418","96018"
"CS1724887","28/01/2026 08:50:39","","17/02/2026 13:51:26","38360","96620"
"CS1817247","21/07/2026 12:49:08","22/07/2026 15:25:22","","38174","95774"
"CS1797991","15/06/2026 11:07:13","","30/06/2026 13:37:28","37810","95410"
"CS1648114","11/09/2025 09:28:12","","18/09/2025 10:16:53","37368","94968"
"CS1685746","10/11/2025 15:13:50","","26/11/2025 10:11:30","37014","152214"
"CS1655696","24/09/2025 13:08:01","","15/10/2025 11:37:28","36773","151973"
"CS1806209","30/06/2026 11:01:18","","22/07/2026 13:15:26","36113","79313"
"CS1794361","08/06/2026 09:23:57","","25/06/2026 12:05:26","35872","93472"
"CS1655972","24/09/2025 16:29:46","","10/10/2025 13:35:28","35397","93442"
"CS1744007","02/03/2026 13:04:10","","23/03/2026 16:49:26","35306","92906"
"CS1711755","05/01/2026 12:09:37","","28/01/2026 12:17:27","34818","39830"
"CS1695721","27/11/2025 14:54:18","","12/12/2025 12:33:26","34656","77856"
"CS1671620","16/10/2025 14:52:42","","20/10/2025 14:03:35","34637","77837"
"CS1656115","25/09/2025 09:13:06","","30/09/2025 08:28:53","34585","92185"
"CS1645573","08/09/2025 09:04:42","","23/09/2025 10:35:22","34574","77774"
"CS1644865","05/09/2025 09:50:20","","16/09/2025 14:58:17","34348","95486"
"CS1667460","09/10/2025 16:34:59","","17/10/2025 15:18:12","34300","77500"
"CS1812980","13/07/2026 12:26:00","","29/07/2026 09:05:26","34141","91741"
"CS1712298","06/01/2026 09:52:43","","08/01/2026 13:44:04","34048","34048"
"CS1717231","14/01/2026 11:55:51","","15/01/2026 14:11:55","33701","91301"
"CS1675238","22/10/2025 15:32:48","","10/11/2025 12:21:27","33399","76599"
"CS1692455","21/11/2025 11:07:24","","08/12/2025 13:27:26","33290","260242"
"CS1646731","09/09/2025 11:35:30","","25/09/2025 13:05:26","33249","33249"
"CS1634546","15/08/2025 15:40:24","","01/09/2025 17:07:26","33165","263911"
"CS1807322","01/07/2026 14:28:31","","09/07/2026 20:40:36","32861","32861"
"CS1809663","06/07/2026 15:53:51","","09/07/2026 12:41:14","32769","94391"
"CS1809667","06/07/2026 15:54:56","","09/07/2026 12:38:32","32704","90439"
"CS1761802","01/04/2026 16:31:12","","21/04/2026 14:55:26","32652","492631"
"CS1711550","05/01/2026 10:01:49","","06/01/2026 10:43:39","32638","32638"
"CS1618519","18/07/2025 12:46:50","","04/08/2025 13:51:26","32622","263022"
"CS1768476","15/04/2026 16:02:51","","30/04/2026 17:01:26","32229","89867"
"CS1645941","08/09/2025 12:30:06","","24/09/2025 13:27:26","32214","88014"
"CS1782179","13/05/2026 12:57:39","","19/05/2026 10:53:42","32201","89801"
"CS1704473","15/12/2025 11:40:11","","30/12/2025 12:37:27","32161","89761"
"CS1649123","12/09/2025 11:23:24","","19/09/2025 08:13:51","31617","262017"
"CS1726859","30/01/2026 14:56:58","","06/02/2026 12:31:52","31299","261699"
"CS1702847","11/12/2025 00:07:08","","25/12/2025 09:41:27","31197","31197"
"CS1802975","24/06/2026 13:27:34","","30/06/2026 10:10:02","30861","30861"
"CS1783146","15/05/2026 01:18:58","","15/05/2026 21:24:49","30710","54772"
"CS1652823","19/09/2025 09:25:50","","25/09/2025 09:10:09","30602","88202"
"CS1741245","25/02/2026 07:58:50","","17/03/2026 14:49:27","30436","30506"
"CS1693659","24/11/2025 21:26:09","","17/12/2025 15:43:27","30248","202132"
"CS1648887","12/09/2025 09:17:38","","17/09/2025 13:05:55","30181","30181"
"CS1805229","29/06/2026 11:31:55","","30/06/2026 11:52:57","29753","87353"
"CS1758641","26/03/2026 14:46:17","","10/04/2026 10:59:26","29523","72723"
"CS1747791","09/03/2026 14:22:13","","10/03/2026 14:54:40","29476","87076"
"CS1787222","26/05/2026 07:38:28","","11/06/2026 14:07:26","29433","91925"
"CS1796483","11/06/2026 09:54:17","","19/06/2026 09:16:34","29376","88028"
"CS1661231","01/10/2025 17:00:16","","02/10/2025 16:14:36","29074","30267"
"CS1624455","28/07/2025 16:29:24","","30/07/2025 09:27:28","28625","86829"
"CS1812015","10/07/2026 09:01:30","","13/07/2026 10:34:08","28442","28442"
"CS1750837","16/03/2026 09:12:18","","03/04/2026 09:09:26","28414","86014"
"CS1801827","22/06/2026 16:41:23","","22/07/2026 01:01:26","28354","84811"
"CS1764338","09/04/2026 11:10:27","","29/04/2026 08:11:26","27983","258039"
"CS1742764","26/02/2026 16:40:13","","16/03/2026 12:55:27","27934","85534"
"CS1724856","27/01/2026 20:47:54","","12/02/2026 12:19:26","27904","71830"
"CS1766817","14/04/2026 08:24:09","","28/04/2026 16:05:27","27656","27656"
"CS1631505","11/08/2025 15:33:59","","13/08/2025 08:52:24","27652","85252"
"CS1647685","10/09/2025 13:07:28","","22/09/2025 10:39:21","27482","85082"
"CS1719242","19/01/2026 08:58:46","","05/02/2026 13:21:27","27336","27336"
"CS1792162","03/06/2026 09:21:59","","04/06/2026 09:20:07","27224","84824"
"CS1770090","20/04/2026 08:20:35","","05/05/2026 10:05:26","27103","27103"
"CS1687614","12/11/2025 17:05:38","","18/11/2025 10:53:04","26665","82962"
"CS1734133","12/02/2026 09:36:33","","13/02/2026 10:00:47","26631","84231"
"CS1791357","02/06/2026 08:55:49","","12/06/2026 10:34:52","26511","26762"
"CS1701036","08/12/2025 14:52:06","","23/12/2025 15:31:27","26494","84094"
"CS1638254","25/08/2025 14:49:48","","26/08/2025 14:24:43","26394","83994"
"CS1764304","09/04/2026 10:49:58","","01/05/2026 09:01:26","26275","26275"
"CS1771668","21/04/2026 17:30:19","","07/05/2026 10:59:26","26080","137661"
"CS1798076","15/06/2026 11:55:16","","02/07/2026 10:47:26","25989","83589"
"CS1663128","03/10/2025 15:18:22","","03/11/2025 15:39:02","25564","25564"
"CS1661448","02/10/2025 09:33:42","","17/10/2025 12:31:26","25505","25505"
"CS1684101","06/11/2025 15:57:49","","11/11/2025 13:56:34","25504","83104"
"CS1805483","29/06/2026 13:13:21","","15/07/2026 11:25:26","25357","81157"
"CS1644684","04/09/2025 16:43:54","","09/09/2025 15:16:26","25336","82936"
"CS1812834","13/07/2026 10:43:07","","29/07/2026 10:55:28","25262","82862"
"CS1663026","03/10/2025 14:22:33","","06/10/2025 13:26:10","25110","255510"
"CS1688222","13/11/2025 15:07:34","","25/11/2025 12:09:41","25099","25099"
"CS1711444","05/01/2026 08:59:30","","02/02/2026 00:45:26","24940","24940"
"CS1816315","20/07/2026 10:08:14","21/07/2026 08:32:38","","24706","80664"
"CS1751767","17/03/2026 09:28:37","","17/03/2026 16:28:29","24635","24635"
"CS1681341","03/11/2025 12:30:40","","04/11/2025 11:18:50","24490","80519"
"CS1709237","29/12/2025 08:09:51","","13/01/2026 11:05:27","24282","27291"
"CS1735135","13/02/2026 12:50:47","","04/03/2026 10:57:26","24278","254678"
"CS1818953","23/07/2026 16:21:31","24/07/2026 11:04:40","","24189","67389"
"CS1673273","20/10/2025 12:02:28","","06/11/2025 14:21:26","24187","81583"
"CS1739585","20/02/2026 15:24:57","","23/02/2026 14:35:33","23874","254274"
"CS1665653","08/10/2025 09:12:23","","31/10/2025 14:43:26","23667","23667"
"CS1721176","21/01/2026 11:42:32","","22/01/2026 10:50:40","23600","81200"
"CS1811956","10/07/2026 08:10:37","","24/07/2026 15:33:27","23564","26527"
"CS1673599","20/10/2025 16:02:55","","04/11/2025 14:35:26","23491","81091"
"CS1670492","15/10/2025 11:42:50","","20/10/2025 08:53:55","23147","80612"
"CS1746976","06/03/2026 12:23:32","","23/03/2026 15:21:26","23093","253493"
"CS1794785","08/06/2026 14:03:21","","10/06/2026 11:13:12","23015","66215"
"CS1635357","18/08/2025 15:46:55","","02/09/2025 11:21:27","22999","66199"
"CS1727427","02/02/2026 11:27:53","","24/02/2026 14:53:28","22961","80561"
"CS1803868","25/06/2026 14:37:08","","01/07/2026 10:22:56","22680","80280"
"CS1760401","31/03/2026 09:52:20","","15/04/2026 11:01:27","22449","22449"
"CS1635272","18/08/2025 14:30:31","","25/08/2025 14:47:32","22174","79774"
"CS1689237","17/11/2025 09:31:04","","01/12/2025 15:37:27","21972","21972"
"CS1732126","09/02/2026 15:12:27","","04/03/2026 15:09:27","21896","79496"
"CS1772471","23/04/2026 10:04:44","","28/04/2026 10:29:58","21807","21807"
"CS1664439","06/10/2025 17:07:22","","07/10/2025 15:51:42","21775","78933"
"CS1681867","04/11/2025 09:32:13","","05/11/2025 13:32:59","21690","21690"
"CS1618897","19/07/2025 07:49:12","","02/08/2025 15:55:26","21584","21584"
"CS1701028","08/12/2025 14:44:49","","26/12/2025 13:49:26","21566","79166"
"CS1648961","12/09/2025 09:53:58","","12/09/2025 16:27:09","21544","21544"
"CS1806923","01/07/2026 10:00:09","","15/07/2026 15:57:28","21401","21401"
"CS1674089","21/10/2025 12:00:47","","22/10/2025 09:56:55","21368","78968"
"CS1734959","13/02/2026 10:30:23","","06/03/2026 08:27:26","21168","74927"
"CS1655421","24/09/2025 10:25:06","","09/10/2025 13:01:26","21061","78661"
"CS1663458","06/10/2025 09:06:27","","24/10/2025 11:45:26","20990","20990"
"CS1694812","26/11/2025 11:51:14","","27/11/2025 10:47:27","20604","78204"
"CS1776534","01/05/2026 09:43:26","","15/05/2026 15:23:26","20385","20385"
"CS1635833","19/08/2025 12:23:41","","11/09/2025 11:39:26","20204","76704"
"CS1633902","14/08/2025 16:04:12","","29/08/2025 16:59:26","20030","77630"
"CS1651767","17/09/2025 14:05:55","","29/09/2025 12:54:00","19492","77092"
"CS1658767","30/09/2025 09:02:16","","28/10/2025 09:53:27","19225","19225"
"CS1643932","03/09/2025 16:30:56","","04/09/2025 13:46:39","19190","62390"
"CS1705830","17/12/2025 10:42:41","","31/12/2025 16:01:28","19109","19109"
"CS1683876","06/11/2025 12:47:13","","20/11/2025 18:05:26","19073","19073"
"CS1684555","07/11/2025 11:22:50","","12/11/2025 10:21:31","18884","18884"
"CS1627665","04/08/2025 12:25:43","","05/08/2025 11:10:17","18856","76239"
"CS1723563","26/01/2026 13:04:46","","10/02/2026 08:21:46","18695","18695"
"CS1772633","23/04/2026 12:05:51","","27/04/2026 10:43:29","18553","61753"
"CS1799105","16/06/2026 14:50:53","","07/07/2026 09:34:53","18245","75845"
"CS1649595","15/09/2025 09:18:09","","16/09/2025 14:46:34","18220","18220"
"CS1718132","15/01/2026 13:37:58","","05/02/2026 14:03:27","18193","19052"
"CS1818169","22/07/2026 21:19:14","","24/07/2026 09:21:38","18130","117776"
"CS1620938","22/07/2025 16:42:10","","07/08/2025 11:21:27","18121","18620"
"CS1703366","11/12/2025 14:31:27","","06/01/2026 13:41:26","18078","18078"
"CS1677810","27/10/2025 15:47:38","","11/11/2025 12:19:26","18006","73806"
"CS1640357","29/08/2025 02:47:04","","12/09/2025 11:53:26","17990","17990"
"CS1767760","15/04/2026 08:44:22","","15/04/2026 15:23:22","17941","18732"
"CS1626109","31/07/2025 10:14:13","","21/08/2025 16:45:26","17691","17691"
"CS1752832","18/03/2026 13:25:14","","24/03/2026 09:21:02","17637","75237"
"CS1809595","06/07/2026 14:58:55","","07/07/2026 15:21:59","17624","75224"
"CS1633351","14/08/2025 09:37:40","","28/08/2025 14:29:26","17447","17447"
"CS1745450","04/03/2026 11:47:08","","25/03/2026 10:09:26","17031","17031"
"CS1625386","30/07/2025 10:03:30","","31/07/2025 10:08:14","17006","74606"
"CS1691662","20/11/2025 10:51:36","","05/12/2025 10:53:29","16950","16950"
"CS1625909","30/07/2025 16:54:17","","06/08/2025 15:48:12","16866","74466"
"CS1742210","26/02/2026 10:00:11","","27/02/2026 08:38:47","16704","16824"
"CS1821217","29/07/2026 09:15:57","29/07/2026 13:53:55","","16678","16678"
"CS1794199","05/06/2026 16:39:42","","09/06/2026 15:48:43","16577","246977"
"CS1794197","05/06/2026 16:37:51","","09/06/2026 15:50:34","16478","246878"
"CS1746541","05/03/2026 15:35:04","","06/03/2026 12:12:48","16419","74019"
"CS1761472","01/04/2026 11:52:50","","22/04/2026 15:07:48","16392","17709"
"CS1679127","29/10/2025 12:45:12","","04/11/2025 17:27:50","16236","71908"
"CS1634535","15/08/2025 15:20:44","","18/08/2025 14:47:15","16201","246601"
"CS1692395","21/11/2025 10:28:24","","21/11/2025 15:09:56","15965","15965"
"CS1644171","04/09/2025 10:20:17","","29/09/2025 14:49:26","15893","15893"
"CS1633462","14/08/2025 10:45:48","","28/08/2025 16:43:26","15811","15811"
"CS1727069","02/02/2026 08:13:38","","16/02/2026 13:37:29","15746","18198"
"CS1816521","20/07/2026 12:42:47","20/07/2026 17:00:51","","15484","15484"
"CS1709292","29/12/2025 09:09:28","","12/01/2026 14:27:27","15428","15428"
"CS1738233","18/02/2026 23:08:33","","13/03/2026 13:53:26","15297","50784"
"CS1631037","11/08/2025 09:58:24","","18/08/2025 11:11:34","15162","15162"
"CS1817246","21/07/2026 12:47:32","21/07/2026 18:00:31","","15148","18779"
"CS1627337","04/08/2025 08:51:09","","19/08/2025 12:13:26","15091","58291"
"CS1800288","18/06/2026 12:35:39","","18/06/2026 16:47:19","14893","14893"
"CS1743505","28/02/2026 11:03:46","","14/03/2026 16:21:26","14796","14796"
"CS1619318","21/07/2025 11:29:50","","04/08/2025 15:37:28","14774","14774"
"CS1688374","14/11/2025 03:34:08","","20/11/2025 11:43:37","14685","15096"
"CS1733508","11/02/2026 10:45:31","","25/02/2026 15:15:27","14670","14670"
"CS1704937","16/12/2025 08:56:49","","30/12/2025 13:05:26","14668","14859"
"CS1798818","16/06/2026 11:22:23","","30/06/2026 16:21:26","14665","14665"
"CS1624173","28/07/2025 12:25:42","","14/08/2025 16:49:28","14648","14648"
"CS1718901","16/01/2026 13:20:07","","30/01/2026 17:08:13","14564","240571"
"CS1629223","06/08/2025 13:29:54","","21/08/2025 12:17:27","14519","72119"
"CS1702522","10/12/2025 12:46:29","","11/12/2025 11:41:45","14503","14503"
"CS1769148","16/04/2026 14:43:32","","15/05/2026 03:31:26","14503","72103"
"CS1746008","05/03/2026 09:24:22","","02/04/2026 13:13:29","14395","14395"
"CS1817260","21/07/2026 13:00:57","21/07/2026 18:03:34","","14343","18157"
"CS1678077","28/10/2025 09:58:09","","12/12/2025 08:11:26","14319","71919"
"CS1764246","09/04/2026 10:09:58","","14/05/2026 02:05:26","14307","15343"
"CS1680292","31/10/2025 08:59:41","","14/11/2025 14:59:26","14302","14302"
"CS1810673","08/07/2026 10:05:13","","28/07/2026 15:59:27","14224","14224"
"CS1705812","17/12/2025 10:37:24","","20/01/2026 00:05:26","14210","14210"
"CS1664595","07/10/2025 09:11:17","","17/10/2025 11:31:15","14157","14157"
"CS1630388","08/08/2025 10:50:51","","26/08/2025 08:15:26","13909","13909"
"CS1728435","03/02/2026 12:27:57","","03/03/2026 01:25:27","13829","13829"
"CS1670702","15/10/2025 14:15:14","","20/10/2025 08:53:14","13726","70938"
"CS1795612","09/06/2026 15:35:07","","15/06/2026 11:08:37","13705","71305"
"CS1652784","19/09/2025 08:57:38","","19/09/2025 13:57:04","13611","13753"
"CS1704728","15/12/2025 15:03:50","","21/12/2025 10:38:24","13470","71070"
"CS1715804","12/01/2026 14:28:03","","28/01/2026 11:41:14","13432","14218"
"CS1815612","17/07/2026 09:34:48","","22/07/2026 13:51:11","13209","70809"
"CS1634255","15/08/2025 11:19:00","","29/08/2025 14:59:26","13202","13202"
"CS1625661","30/07/2025 13:08:52","","14/08/2025 16:59:28","13160","13160"
"CS1805515","29/06/2026 13:21:16","","30/06/2026 13:38:59","13124","13933"
"CS1687790","13/11/2025 10:08:44","","20/11/2025 10:45:15","13076","13076"
"CS1640061","28/08/2025 12:35:59","","28/08/2025 16:24:19","13029","13029"
"CS1633472","14/08/2025 10:52:38","","18/08/2025 10:11:36","12997","12997"
"CS1683616","06/11/2025 10:12:49","","14/11/2025 12:13:25","12927","12927"
"CS1683979","06/11/2025 14:06:03","","20/11/2025 10:50:00","12869","74789"
"CS1793132","04/06/2026 11:10:12","","23/06/2026 12:09:26","12733","12733"
"CS1682694","05/11/2025 09:15:11","","10/11/2025 08:12:06","12627","12627"
"CS1625575","30/07/2025 12:09:24","","14/08/2025 17:59:26","12595","13423"
"CS1685775","10/11/2025 15:32:22","","12/11/2025 13:46:46","12579","13356"
"CS1686351","11/11/2025 12:21:08","","11/11/2025 16:51:41","12511","12511"
"CS1703348","11/12/2025 14:20:15","","26/12/2025 12:41:27","12464","68264"
"CS1775777","30/04/2026 09:15:53","","14/05/2026 12:47:27","12399","12399"
"CS1630452","08/08/2025 11:30:24","","08/08/2025 16:40:11","12379","12379"
"CS1781968","13/05/2026 10:41:26","","03/06/2026 12:13:43","12076","12076"
"CS1678622","28/10/2025 16:59:15","","29/10/2025 12:50:09","11871","69471"
"CS1677421","27/10/2025 10:38:58","","28/10/2025 13:22:09","11791","11791"
"CS1701013","08/12/2025 14:32:04","","06/01/2026 00:05:27","11722","69322"
"CS1748482","10/03/2026 13:27:15","","24/03/2026 16:43:28","11661","11661"
"CS1616348","16/07/2025 10:38:48","","30/07/2025 17:15:27","11630","11630"
"CS1702346","10/12/2025 12:05:51","","19/12/2025 14:27:40","11624","11624"
"CS1732984","10/02/2026 14:35:46","","03/03/2026 12:57:26","11596","11596"
"CS1728440","03/02/2026 12:31:40","","16/02/2026 08:19:07","11587","11587"
"CS1681125","03/11/2025 10:31:30","","03/11/2025 13:52:06","11562","11562"
"CS1761894","02/04/2026 08:47:41","","09/04/2026 10:41:18","11470","12209"
"CS1796637","11/06/2026 11:23:02","","26/06/2026 16:23:27","11450","11450"
"CS1733630","11/02/2026 11:59:52","","11/02/2026 15:39:24","11420","11420"
"CS1742850","27/02/2026 08:38:37","","13/03/2026 12:09:26","11317","12600"
"CS1803070","24/06/2026 14:59:47","","25/06/2026 14:43:50","11290","68890"
"CS1651269","17/09/2025 08:55:20","","06/10/2025 15:25:27","11267","67817"
"CS1617557","17/07/2025 12:00:50","","31/07/2025 15:09:27","11262","11262"
"CS1630610","08/08/2025 13:45:44","","11/08/2025 08:06:55","11224","11224"
"CS1669729","14/10/2025 12:18:38","","28/10/2025 18:07:26","11198","11198"
"CS1761620","01/04/2026 13:57:22","","07/04/2026 13:10:58","10958","14841"
"CS1633713","14/08/2025 13:40:24","","28/08/2025 16:43:27","10883","10883"
"CS1625888","30/07/2025 16:30:41","","01/08/2025 08:45:34","10798","68398"
"CS1791277","01/06/2026 17:10:20","","02/06/2026 12:42:08","10746","67726"
"CS1665278","07/10/2025 14:15:19","","27/10/2025 09:43:29","10698","10698"
"CS1798125","15/06/2026 12:30:19","","02/07/2026 08:15:27","10688","10688"
"CS1781953","13/05/2026 10:31:51","","01/06/2026 11:55:29","10681","10681"
"CS1654372","23/09/2025 04:17:48","","23/09/2025 11:58:47","10662","14095"
"CS1796735","11/06/2026 12:23:04","","22/06/2026 09:26:37","10602","10602"
"CS1698046","02/12/2025 14:59:53","","31/12/2025 02:11:27","10562","68162"
"CS1761301","01/04/2026 10:09:36","","01/04/2026 15:33:25","10529","10529"
"CS1702991","11/12/2025 10:02:10","","12/12/2025 10:18:40","10486","10486"
"CS1662185","02/10/2025 14:46:56","","17/10/2025 09:29:27","10234","66034"
"CS1700964","08/12/2025 13:39:54","","09/12/2025 10:48:55","10112","13082"
"CS1755879","23/03/2026 11:13:49","","23/03/2026 14:00:14","9985","9985"
"CS1774330","28/04/2026 07:28:26","","28/04/2026 15:11:31","9953","9953"
"CS1763173","07/04/2026 14:15:19","","09/04/2026 10:15:47","9881","12842"
"CS1663945","06/10/2025 12:07:13","","06/10/2025 16:25:23","9855","9855"
"CS1658677","29/09/2025 18:55:47","","30/09/2025 13:08:44","9794","60447"
"CS1768322","15/04/2026 14:09:19","","16/04/2026 15:23:43","9672","9672"
"CS1740025","23/02/2026 11:19:39","","27/02/2026 11:28:14","9522","9522"
"CS1647425","10/09/2025 10:24:33","","10/09/2025 13:33:05","9497","9497"
"CS1637394","21/08/2025 13:56:50","","04/09/2025 16:59:27","9486","9486"
"CS1778808","07/05/2026 11:02:40","","07/05/2026 16:04:33","9378","9378"
"CS1736336","16/02/2026 12:05:38","","03/03/2026 09:43:26","9312","9312"
"CS1626303","31/07/2025 12:34:38","","21/08/2025 16:45:27","9275","9275"
"CS1712055","05/01/2026 16:19:37","","06/01/2026 10:23:17","9178","9178"
"CS1805273","29/06/2026 11:54:32","","14/07/2026 08:51:26","9086","9086"
"CS1802798","24/06/2026 10:47:26","","09/07/2026 14:37:26","9076","9076"
"CS1809123","06/07/2026 09:22:41","","23/07/2026 08:51:27","9044","10285"
"CS1811799","09/07/2026 14:59:34","","10/07/2026 10:36:07","9029","12884"
"CS1715971","12/01/2026 17:06:38","","13/01/2026 13:08:14","8993","66195"
"CS1697540","02/12/2025 09:09:22","","08/12/2025 17:03:19","8910","8910"
"CS1756102","23/03/2026 12:18:22","","23/03/2026 14:50:58","8825","8825"
"CS1700704","08/12/2025 10:39:14","","08/12/2025 14:25:11","8807","8807"
"CS1718212","15/01/2026 14:34:24","","20/01/2026 16:37:19","8736","11097"
"CS1731473","09/02/2026 09:46:51","","10/02/2026 15:13:42","8611","8611"
"CS1723745","26/01/2026 15:30:38","","10/02/2026 10:51:26","8594","10516"
"CS1749152","11/03/2026 13:21:43","","16/03/2026 14:20:42","8565","14394"
"CS1768680","16/04/2026 09:18:32","","20/04/2026 09:59:06","8554","8554"
"CS1726286","29/01/2026 16:29:46","","23/02/2026 13:58:36","8505","66105"
"CS1759288","27/03/2026 13:43:02","","10/04/2026 16:03:27","8409","8409"
"CS1807879","02/07/2026 11:40:27","","03/07/2026 11:09:21","8396","8396"
"CS1690600","18/11/2025 15:41:41","","20/11/2025 15:36:08","8371","65324"
"CS1625056","29/07/2025 14:41:28","","30/07/2025 15:23:43","8312","10351"
"CS1664213","06/10/2025 14:42:14","","09/10/2025 13:48:21","8266","9343"
"CS1799308","17/06/2026 09:16:54","","02/07/2026 14:13:27","8129","8129"
"CS1637450","21/08/2025 14:34:25","","05/09/2025 10:05:27","8088","65688"
"CS1623905","28/07/2025 09:50:50","","29/07/2025 14:01:09","8074","8074"
"CS1752066","17/03/2026 12:55:55","","23/03/2026 09:21:18","7933","7933"
"CS1742484","26/02/2026 12:44:23","","09/03/2026 10:42:24","7906","7906"
"CS1777353","05/05/2026 10:38:36","","21/05/2026 08:05:27","7883","60293"
"CS1719236","19/01/2026 08:55:36","","05/02/2026 13:21:26","7865","7865"
"CS1772228","22/04/2026 15:28:11","","23/04/2026 13:48:37","7798","7798"
"CS1668408","12/10/2025 11:16:26","","23/10/2025 14:29:47","7722","7722"
"CS1717618","15/01/2026 07:00:20","","29/01/2026 09:09:27","7695","7695"
"CS1637706","22/08/2025 09:40:06","","10/09/2025 10:05:26","7591","7591"
"CS1708038","22/12/2025 13:38:29","","31/12/2025 12:43:53","7553","7553"
"CS1650585","16/09/2025 10:22:26","","16/09/2025 14:17:02","7543","7543"
"CS1791131","01/06/2026 14:54:39","","09/06/2026 15:41:51","7521","63967"
"CS1634817","18/08/2025 09:27:40","","26/08/2025 09:59:13","7321","7321"
"CS1709022","24/12/2025 12:31:51","","07/01/2026 15:03:28","7178","7178"
"CS1782464","14/05/2026 06:47:14","","28/05/2026 10:17:26","7066","11432"
"CS1644097","04/09/2025 09:39:29","","05/09/2025 12:58:43","7032","7032"
"CS1704870","15/12/2025 16:57:28","","16/12/2025 13:49:57","7026","64626"
"CS1774139","27/04/2026 14:15:15","","13/05/2026 15:33:28","6937","6937"
"CS1709638","29/12/2025 14:31:58","","12/01/2026 16:27:28","6912","6912"
"CS1757100","24/03/2026 14:21:43","","09/04/2026 12:57:27","6891","6891"
"CS1683997","06/11/2025 14:24:22","","20/11/2025 16:53:27","6889","6889"
"CS1795502","09/06/2026 14:13:50","","02/07/2026 10:03:26","6864","8856"
"CS1793655","05/06/2026 09:20:07","05/06/2026 11:14:03","","6836","6836"
"CS1796468","11/06/2026 09:44:31","","25/06/2026 11:39:26","6818","6818"
"CS1699113","04/12/2025 08:40:49","","18/12/2025 11:33:27","6585","6585"
"CS1809437","06/07/2026 12:28:52","","21/07/2026 08:13:26","6556","59471"
"CS1618918","19/07/2025 14:56:49","","02/08/2025 16:47:26","6522","6522"
"CS1779345","07/05/2026 14:41:16","","25/05/2026 16:09:26","6514","6514"
"CS1687646","13/11/2025 06:33:24","","27/11/2025 08:21:27","6475","6475"
"CS1635888","19/08/2025 13:05:35","","19/08/2025 15:03:19","6433","6433"
"CS1636141","19/08/2025 16:55:43","","25/08/2025 10:46:03","6419","64019"
"CS1742729","26/02/2026 16:09:37","","02/03/2026 13:40:47","6372","63972"
"CS1609962","03/07/2025 11:59:34","","31/07/2025 14:21:26","6306","7566"
"CS1731024","06/02/2026 15:08:56","","06/02/2026 17:00:06","6275","6275"
"CS1702848","11/12/2025 06:44:18","","25/12/2025 09:49:27","6186","6186"
"CS1661975","02/10/2025 13:07:48","","02/10/2025 16:22:38","6015","6015"
"CS1807735","02/07/2026 10:28:57","03/07/2026 10:59:24","","6007","6007"
"CS1786089","21/05/2026 09:22:22","","04/06/2026 11:03:26","5998","5998"
"CS1647580","10/09/2025 11:53:18","","08/10/2025 03:15:26","5852","5852"
"CS1678543","28/10/2025 15:35:58","","11/11/2025 17:39:26","5797","6257"
"CS1727623","02/02/2026 13:40:18","","02/02/2026 15:45:22","5734","5734"
"CS1638278","26/08/2025 08:08:51","","09/09/2025 13:01:26","5689","5689"
"CS1729334","04/02/2026 12:56:30","","05/02/2026 10:16:15","5686","5686"
"CS1665974","08/10/2025 11:26:54","","22/10/2025 13:01:26","5668","5668"
"CS1721179","21/01/2026 11:44:33","","21/01/2026 13:48:44","5640","5640"
"CS1786626","21/05/2026 20:51:07","","11/06/2026 14:57:26","5615","49348"
"CS1658283","29/09/2025 12:58:02","","13/10/2025 14:31:29","5576","5576"
"CS1692694","21/11/2025 14:48:48","","19/12/2025 00:31:27","5564","5564"
"CS1721870","22/01/2026 10:34:55","","05/02/2026 12:07:27","5461","5461"
"CS1666714","09/10/2025 09:34:32","","24/10/2025 12:29:26","5414","5414"
"CS1722909","23/01/2026 15:00:35","","09/02/2026 08:11:27","5359","5359"
"CS1757222","24/03/2026 16:13:20","","08/04/2026 10:59:28","5344","62944"
"CS1643400","03/09/2025 10:21:16","","18/09/2025 08:19:26","5240","59732"
"CS1622680","24/07/2025 14:00:43","","12/08/2025 15:57:27","5226","5226"
"CS1800754","19/06/2026 10:12:21","","03/07/2026 14:55:26","5187","5187"
"CS1626939","01/08/2025 12:09:57","","06/08/2025 15:47:59","5171","5171"
"CS1691145","19/11/2025 13:27:30","","18/12/2025 00:31:27","5066","5066"
"CS1767365","14/04/2026 12:58:56","","14/04/2026 16:14:21","5020","5020"
"CS1734044","12/02/2026 06:52:44","","26/02/2026 08:57:26","4997","4997"
"CS1682520","04/11/2025 16:04:17","","18/11/2025 17:27:27","4975","4975"
"CS1673828","21/10/2025 09:39:18","","21/10/2025 11:59:22","4974","4974"
"CS1678683","29/10/2025 08:21:31","","29/10/2025 14:48:26","4928","4928"
"CS1712953","07/01/2026 08:38:00","","07/01/2026 14:39:27","4916","4916"
"CS1696807","01/12/2025 10:16:41","","19/12/2025 08:27:27","4913","60467"
"CS1674511","21/10/2025 16:40:12","","22/10/2025 11:29:06","4806","7609"
"CS1701492","09/12/2025 11:08:21","","16/12/2025 09:10:34","4769","4769"
"CS1775945","30/04/2026 11:07:56","","30/04/2026 13:32:27","4749","4749"
"CS1670987","16/10/2025 07:14:13","","30/10/2025 08:33:26","4726","4726"
"CS1778526","06/05/2026 16:08:38","","03/06/2026 15:01:26","4716","4716"
"CS1701898","09/12/2025 16:26:41","","10/12/2025 08:53:12","4715","4715"
"CS1727058","02/02/2026 07:24:31","","16/02/2026 10:19:28","4707","9131"
"CS1708161","22/12/2025 15:41:48","","23/12/2025 10:24:53","4692","8246"
"CS1810742","08/07/2026 10:52:46","","13/07/2026 10:55:28","4689","4689"
"CS1685133","10/11/2025 08:09:46","","10/11/2025 11:21:08","4683","7697"
"CS1702742","10/12/2025 15:43:14","","24/12/2025 17:23:26","4606","5924"
"CS1809681","06/07/2026 16:04:54","","09/07/2026 14:14:46","4577","62177"
"CS1793711","05/06/2026 09:59:31","05/06/2026 11:14:26","","4495","4495"
"CS1733525","11/02/2026 10:56:01","","25/02/2026 16:41:27","4450","4450"
"CS1626936","01/08/2025 12:07:20","","01/08/2025 13:44:14","4412","4412"
"CS1800444","18/06/2026 14:34:57","","02/07/2026 15:49:26","4362","4362"
"CS1700043","05/12/2025 11:19:29","","07/01/2026 15:27:26","4338","4420"
"CS1715109","09/01/2026 15:42:15","","23/01/2026 16:55:27","4316","4316"
"CS1728328","03/02/2026 11:31:25","","24/02/2026 09:07:27","4279","4294"
"CS1634640","16/08/2025 18:49:06","","17/08/2025 07:39:50","4254","46244"
"CS1705976","17/12/2025 12:28:00","","28/01/2026 01:15:27","4121","4121"
"CS1776982","01/05/2026 15:23:27","","12/05/2026 10:33:47","4120","4120"
"CS1809668","06/07/2026 15:56:02","","09/07/2026 12:38:49","3978","61578"
"CS1731703","09/02/2026 11:51:16","","12/02/2026 11:48:24","3977","3977"
"CS1645063","05/09/2025 11:35:55","","19/09/2025 12:43:28","3957","3957"
"CS1819665","27/07/2026 09:20:09","27/07/2026 11:12:43","","3946","3946"
"CS1789772","28/05/2026 16:35:42","","29/05/2026 09:40:49","3920","3920"
"CS1648499","11/09/2025 13:50:41","","07/10/2025 13:49:28","3919","3919"
"CS1707932","22/12/2025 11:53:51","","22/12/2025 12:55:55","3724","3724"
"CS1637673","22/08/2025 09:19:19","","22/08/2025 10:25:55","3636","3636"
"CS1727606","02/02/2026 13:21:12","","16/02/2026 14:25:26","3489","3489"
"CS1644520","04/09/2025 14:24:25","","18/09/2025 16:09:27","3484","3484"
"CS1671962","17/10/2025 09:38:33","","20/10/2025 10:10:03","3432","3432"
"CS1657842","29/09/2025 09:34:26","","29/09/2025 11:07:22","3423","3423"
"CS1789906","29/05/2026 09:26:15","","29/05/2026 12:20:47","3382","3382"
"CS1704720","15/12/2025 14:59:40","","15/12/2025 16:29:19","3380","3380"
"CS1814255","15/07/2026 11:34:54","","17/07/2026 09:33:08","3370","3370"
"CS1716628","13/01/2026 15:33:12","","26/01/2026 11:15:31","3357","3357"
"CS1750314","13/03/2026 10:28:33","","13/03/2026 13:59:37","3332","3332"
"CS1768313","15/04/2026 14:02:13","","22/04/2026 10:34:51","3330","3330"
"CS1692862","23/11/2025 11:59:10","","07/12/2025 12:55:26","3329","3329"
"CS1803522","25/06/2026 10:44:05","","09/07/2026 11:39:27","3300","3300"
"CS1653410","20/09/2025 10:18:00","","06/10/2025 10:15:26","3218","3218"
"CS1805790","29/06/2026 16:07:47","","30/06/2026 13:15:38","3209","5192"
"CS1770072","20/04/2026 04:14:38","","01/05/2026 08:11:17","3194","3194"
"CS1618920","19/07/2025 15:54:59","","04/08/2025 08:51:27","3189","3189"
"CS1651808","17/09/2025 14:39:00","","17/09/2025 16:07:42","3187","3187"
"CS1628394","05/08/2025 12:37:42","","05/08/2025 14:03:33","3185","3185"
"CS1676292","24/10/2025 09:16:29","","24/10/2025 12:10:49","3078","3078"
"CS1819577","25/07/2026 12:29:40","25/07/2026 13:20:58","","3078","3078"
"CS1813712","14/07/2026 13:23:42","","14/07/2026 15:02:43","3073","3073"
"CS1671060","16/10/2025 09:15:13","","16/10/2025 15:19:44","3045","3045"
"CS1725651","29/01/2026 09:02:54","","13/02/2026 15:15:27","3034","3034"
"CS1650989","16/09/2025 14:52:29","","19/09/2025 10:38:28","2950","2950"
"CS1749091","11/03/2026 12:26:14","","14/04/2026 00:31:26","2883","2883"
"CS1624113","28/07/2025 11:52:10","","11/08/2025 12:39:27","2788","2788"
"CS1646442","09/09/2025 09:11:33","","23/09/2025 10:31:27","2750","2750"
"CS1764863","10/04/2026 09:07:30","","10/04/2026 09:55:48","2680","2680"
"CS1807258","01/07/2026 13:21:21","","01/07/2026 15:33:12","2606","2606"
"CS1646405","09/09/2025 08:22:55","","23/09/2025 09:07:26","2564","2564"
"CS1648011","11/09/2025 06:52:43","","25/09/2025 10:13:31","2550","7541"
"CS1692263","21/11/2025 09:16:52","","05/12/2025 14:35:26","2532","2532"
"CS1628460","05/08/2025 13:24:50","","05/08/2025 15:17:17","2523","2523"
"CS1662576","03/10/2025 09:35:47","","17/10/2025 10:17:28","2469","2469"
"CS1683883","06/11/2025 12:52:16","","07/11/2025 10:17:33","2448","4761"
"CS1778346","06/05/2026 13:30:55","","11/05/2026 11:35:27","2376","2376"
"CS1789867","29/05/2026 09:03:32","29/05/2026 09:43:01","","2369","2369"
"CS1744160","02/03/2026 15:05:48","","02/03/2026 16:16:19","2339","2339"
"CS1647034","09/09/2025 14:49:51","","23/09/2025 15:39:26","2305","2305"
"CS1808032","02/07/2026 13:19:09","","06/07/2026 14:45:07","2293","2293"
"CS1640366","29/08/2025 08:28:09","","05/09/2025 10:51:30","2240","4151"
"CS1692121","20/11/2025 16:22:55","","21/11/2025 08:59:02","2225","3221"
"CS1740310","23/02/2026 14:38:56","","12/03/2026 10:03:26","2219","2219"
"CS1665317","07/10/2025 14:38:43","","14/10/2025 08:49:58","2182","2193"
"CS1721314","21/01/2026 12:54:55","","06/02/2026 12:15:27","2142","2142"
"CS1737589","18/02/2026 08:58:39","","19/02/2026 11:37:25","2124","2205"
"CS1813676","14/07/2026 12:55:10","","28/07/2026 14:37:26","2120","2120"
"CS1718603","16/01/2026 09:55:06","","16/01/2026 11:49:24","2119","2119"
"CS1790413","29/05/2026 19:30:03","","12/06/2026 20:05:26","2101","2101"
"CS1820102","27/07/2026 12:53:31","27/07/2026 13:27:55","","2064","2064"
"CS1654356","22/09/2025 19:13:39","","23/09/2025 11:59:00","2049","2049"
"CS1682567","04/11/2025 16:47:56","","19/11/2025 09:21:27","1973","59573"
"CS1786278","21/05/2026 11:57:23","","04/06/2026 13:01:26","1967","1967"
"CS1787952","27/05/2026 09:53:10","","01/06/2026 08:13:25","1959","1959"
"CS1758621","26/03/2026 14:29:54","","10/04/2026 09:19:27","1957","1957"
"CS1783796","15/05/2026 15:58:32","","19/05/2026 10:53:29","1877","1877"
"CS1668253","10/10/2025 21:23:17","","14/10/2025 13:54:22","1872","1872"
"CS1661369","02/10/2025 08:58:42","","14/10/2025 13:55:08","1859","1859"
"CS1744109","02/03/2026 14:26:20","","16/03/2026 14:57:27","1857","1857"
"CS1630621","08/08/2025 13:55:24","","11/08/2025 10:45:59","1845","1845"
"CS1735262","13/02/2026 14:34:59","","13/02/2026 15:08:47","1786","1786"
"CS1748017","09/03/2026 21:06:47","","23/03/2026 21:35:27","1649","1649"
"CS1670692","15/10/2025 14:04:10","","29/10/2025 14:31:28","1576","1576"
"CS1781225","12/05/2026 10:38:43","","26/05/2026 14:45:27","1576","1576"
"CS1720656","20/01/2026 14:53:16","","03/02/2026 16:11:27","1531","1531"
"CS1729891","05/02/2026 10:40:28","","05/02/2026 11:21:54","1468","1468"
"CS1691430","20/11/2025 04:39:09","","04/12/2025 05:03:26","1455","1455"
"CS1677275","27/10/2025 09:22:24","","27/10/2025 10:45:43","1448","1448"
"CS1775750","30/04/2026 08:54:53","","28/05/2026 01:45:26","1448","1755"
"CS1691767","20/11/2025 11:50:58","","20/11/2025 16:46:21","1444","1444"
"CS1759570","30/03/2026 08:36:43","","30/03/2026 09:46:37","1440","2837"
"CS1670256","15/10/2025 09:25:02","","15/10/2025 09:48:58","1436","1436"
"CS1656053","24/09/2025 21:13:57","","08/10/2025 21:37:26","1406","1406"
"CS1713875","08/01/2026 10:04:31","","08/01/2026 14:07:27","1396","1396"
"CS1728432","03/02/2026 12:26:15","","03/02/2026 13:36:08","1391","1391"
"CS1777027","01/05/2026 16:16:40","","12/05/2026 10:57:28","1382","1613"
"CS1701785","09/12/2025 14:54:54","","09/12/2025 15:31:17","1278","1278"
"CS1629212","06/08/2025 13:24:31","","14/08/2025 10:22:33","1265","1265"
"CS1814217","15/07/2026 11:08:19","","29/07/2026 12:27:26","1262","1262"
"CS1648858","12/09/2025 09:03:27","","15/09/2025 10:33:56","1219","1219"
"CS1642757","02/09/2025 11:33:19","","02/09/2025 14:44:47","1189","1189"
"CS1725163","28/01/2026 11:39:55","","09/02/2026 12:47:51","1188","1188"
"CS1705147","16/12/2025 11:07:12","","16/12/2025 11:32:50","1151","1151"
"CS1752565","18/03/2026 10:20:29","","24/03/2026 14:30:48","1141","1141"
"CS1662220","02/10/2025 15:04:06","","16/10/2025 15:23:26","1134","1134"
"CS1732808","10/02/2026 12:22:34","","13/02/2026 10:38:35","1124","1124"
"CS1704143","13/12/2025 09:20:23","","27/12/2025 09:39:26","1086","1086"
"CS1723826","26/01/2026 16:42:01","","09/02/2026 17:13:26","1079","1774"
"CS1727681","02/02/2026 14:25:40","","02/02/2026 15:01:43","1025","1025"
"CS1633263","14/08/2025 08:21:36","","28/08/2025 08:39:26","998","998"
"CS1803006","24/06/2026 14:01:41","","08/07/2026 14:19:26","968","968"
"CS1652960","19/09/2025 10:53:26","","03/10/2025 11:11:26","967","967"
"CS1667568","10/10/2025 08:52:42","","24/10/2025 11:55:27","942","1380"
"CS1685104","09/11/2025 03:48:24","","23/11/2025 04:05:26","922","922"
"CS1726342","29/01/2026 18:38:13","","09/02/2026 12:47:36","917","917"
"CS1664810","07/10/2025 10:28:31","","21/10/2025 10:43:26","890","890"
"CS1715209","09/01/2026 20:07:29","","23/01/2026 21:49:26","887","887"
"CS1686017","11/11/2025 09:20:54","","09/12/2025 02:35:27","874","874"
"CS1704533","15/12/2025 12:11:44","","15/12/2025 16:20:31","866","866"
"CS1652018","18/09/2025 05:35:12","","02/10/2025 05:49:26","805","805"
"CS1667469","09/10/2025 16:46:36","","10/10/2025 09:40:24","804","3034"
"CS1646868","09/09/2025 12:56:45","","23/09/2025 13:11:35","769","769"
"CS1816549","20/07/2026 13:14:33","20/07/2026 13:30:33","","757","757"
"CS1717236","14/01/2026 11:59:26","","27/01/2026 15:09:56","718","718"
"CS1716445","13/01/2026 12:48:03","","27/01/2026 13:01:26","707","707"
"CS1700322","05/12/2025 15:55:32","","19/12/2025 17:05:30","705","705"
"CS1685103","08/11/2025 19:23:02","","10/11/2025 11:40:44","692","692"
"CS1724878","28/01/2026 08:40:28","","11/02/2026 10:13:28","624","624"
"CS1797613","12/06/2026 16:12:19","","15/06/2026 09:43:41","621","621"
"CS1806557","30/06/2026 14:48:40","","07/07/2026 09:33:20","613","613"
"CS1670967","15/10/2025 18:31:15","","16/10/2025 16:01:35","601","601"
"CS1759000","27/03/2026 10:08:49","","07/04/2026 12:06:13","570","570"
"CS1700929","08/12/2025 12:56:45","","22/12/2025 13:05:27","487","487"
"CS1816142","19/07/2026 20:06:25","19/07/2026 20:14:20","","475","475"
"CS1771829","22/04/2026 10:11:33","","06/05/2026 10:19:28","470","470"
"CS1649712","15/09/2025 10:02:34","","29/09/2025 09:00:31","468","468"
"CS1670128","14/10/2025 20:30:53","","15/10/2025 10:07:08","412","412"
"CS1811318","09/07/2026 09:41:56","","23/07/2026 09:49:27","398","398"
"CS1783808","15/05/2026 16:19:27","","19/05/2026 10:53:17","355","355"
"CS1633919","14/08/2025 16:16:17","","28/08/2025 16:21:27","259","259"
"CS1691974","20/11/2025 14:22:47","","21/11/2025 09:55:07","233","233"
"CS1778441","06/05/2026 14:56:57","","06/05/2026 15:00:21","204","204"
"CS1626621","31/07/2025 16:51:59","","18/08/2025 11:13:29","177","177"
"CS1651867","17/09/2025 15:24:56","","17/09/2025 16:38:37","159","159"
"CS1794943","08/06/2026 16:33:25","","22/06/2026 16:37:27","144","144"
"CS1771038","21/04/2026 09:38:07","","21/04/2026 09:40:24","137","137"
"CS1675378","23/10/2025 01:53:57","","27/10/2025 07:32:52","120","120"
"CS1800403","18/06/2026 14:09:33","","02/07/2026 14:11:29","114","114"
"CS1646493","09/09/2025 09:36:23","","09/09/2025 09:37:39","76","76"
"CS1636643","20/08/2025 13:27:14","","03/09/2025 13:29:28","73","73"
"CS1806739","30/06/2026 16:59:17","","10/07/2026 10:41:33","43","78"
"CS1792092","03/06/2026 08:36:28","","03/06/2026 09:08:15","35","1174"
"CS1751663","17/03/2026 08:04:42","","17/03/2026 09:24:01","16","3159"
"CS1749434","12/03/2026 06:51:21","","26/03/2026 08:41:27","0","5905"
"CS1787155","22/05/2026 17:33:17","","22/05/2026 18:45:30","0","4333"
"CS1670997","16/10/2025 08:00:21","","30/10/2025 12:47:29","0","2149"
"CS1667484","09/10/2025 17:10:47","","23/10/2025 17:21:28","0","593"
"CS1709157","24/12/2025 17:48:25","","07/01/2026 17:53:26","0","246"
"CS1689146","16/11/2025 11:12:51","","30/11/2025 12:19:26","0","2363"
"CS1686772","11/11/2025 18:02:43","","12/11/2025 13:49:13","0","51285"
"CS1811171","08/07/2026 17:27:31","","22/07/2026 17:31:28","0","129"
"CS1630887","11/08/2025 03:26:10","","25/08/2025 08:33:27","0","18412"
"CS1680872","31/10/2025 22:17:55","","14/11/2025 22:21:26","0","111"
"CS1735935","15/02/2026 14:09:23","","20/02/2026 08:02:07","0","64347"
"CS1662446","02/10/2025 21:16:07","","14/10/2025 13:55:00","0","1661"
"CS1739668","20/02/2026 18:52:04","","09/03/2026 08:47:26","0","222866"
"CS1816131","18/07/2026 15:43:34","","28/07/2026 10:32:40","0","2190"
"CS1689088","14/11/2025 17:29:08","","28/11/2025 17:43:26","0","803"
"CS1754458","22/03/2026 12:36:05","","01/04/2026 12:01:49","0","5086"
"CS1618927","20/07/2025 08:10:52","","03/08/2025 09:49:26","0","5840"
"CS1747281","08/03/2026 11:56:46","","23/03/2026 08:09:26","0","72666"
"CS1772326","22/04/2026 17:54:45","","06/05/2026 18:07:26","0","691"
"CS1658691","30/09/2025 02:45:29","","03/10/2025 10:41:33","0","693"
"CS1760262","30/03/2026 17:26:22","","13/04/2026 17:49:26","0","1352"
"CS1679586","30/10/2025 06:40:54","","13/11/2025 08:51:27","0","5444"
"CS1631603","11/08/2025 18:12:06","","25/08/2025 18:17:26","0","317"
"CS1794261","06/06/2026 12:56:44","","22/06/2026 08:13:27","0","155696"
"CS1778604","07/05/2026 03:58:36","","21/05/2026 04:47:26","0","2871"
"CS1734762","13/02/2026 01:41:18","","27/02/2026 01:57:27","0","850"
